day,month,year,daily_policy_index
1,1,2024,110.48
2,1,2024,138.57
3,1,2024,162.46
4,1,2024,118.85
5,1,2024,106.49
6,1,2024,145.36
7,1,2024,10.92
8,1,2024,153.56
9,1,2024,1026.38
10,1,2024,73.6
11,1,2024,57.0
12,1,2024,76.85
13,1,2024,92.97
14,1,2024,126.89
15,1,2024,80.09
16,1,2024,248.39
17,1,2024,69.96
18,1,2024,121.41
19,1,2024,147.36
20,1,2024,57.76
21,1,2024,142.04
22,1,2024,175.55
23,1,2024,71.62
24,1,2024,91.92
25,1,2024,114.57
26,1,2024,85.29
27,1,2024,80.68
28,1,2024,109.4
29,1,2024,212.58
30,1,2024,144.27
31,1,2024,81.76
1,2,2024,97.99
2,2,2024,55.14
3,2,2024,95.61
4,2,2024,213.37
5,2,2024,209.6
6,2,2024,109.35
7,2,2024,178.57
8,2,2024,153.72
9,2,2024,67.61
10,2,2024,55.65
11,2,2024,216.31
12,2,2024,215.18
13,2,2024,183.22
14,2,2024,86.93
15,2,2024,83.03
16,2,2024,58.32
17,2,2024,147.98
18,2,2024,309.05
19,2,2024,88.77
20,2,2024,149.95
21,2,2024,111.52
22,2,2024,70.29
23,2,2024,117.11
24,2,2024,192.21
25,2,2024,68.12
26,2,2024,167.77
27,2,2024,117.39
28,2,2024,143.19
29,2,2024,105.86
1,3,2024,58.59
2,3,2024,72.85
3,3,2024,85.57
4,3,2024,185.31
5,3,2024,98.25
6,3,2024,107.93
7,3,2024,56.71
8,3,2024,36.66
9,3,2024,230.58
10,3,2024,221.18
11,3,2024,159.06
12,3,2024,104.69
13,3,2024,159.16
14,3,2024,69.68
15,3,2024,181.53
16,3,2024,110.1
17,3,2024,180.66
18,3,2024,140.24
19,3,2024,91.96
20,3,2024,202.01
21,3,2024,77.59
22,3,2024,73.05
23,3,2024,147.64
24,3,2024,93.1
25,3,2024,79.67
26,3,2024,85.54
27,3,2024,97.9
28,3,2024,59.31
29,3,2024,90.04
30,3,2024,49.51
31,3,2024,89.56
1,4,2024,113.74
2,4,2024,64.34
3,4,2024,87.02
4,4,2024,79.84
5,4,2024,65.9
6,4,2024,286.44
7,4,2024,136.54
8,4,2024,96.86
9,4,2024,127.5
10,4,2024,134.32
11,4,2024,116.38
12,4,2024,164.38
13,4,2024,83.15
14,4,2024,351.28
15,4,2024,148.0
16,4,2024,205.0
17,4,2024,89.86
18,4,2024,73.0
19,4,2024,69.55
20,4,2024,105.0
21,4,2024,129.65
22,4,2024,63.52
23,4,2024,50.68
24,4,2024,103.13
25,4,2024,228.77
26,4,2024,71.47
27,4,2024,53.88
28,4,2024,105.58
29,4,2024,80.35
30,4,2024,111.88
1,5,2024,52.26
2,5,2024,80.5
3,5,2024,55.72
4,5,2024,43.53
5,5,2024,165.5
6,5,2024,76.56
7,5,2024,38.92
8,5,2024,35.93
9,5,2024,51.54
10,5,2024,103.08
11,5,2024,262.99
12,5,2024,245.08
13,5,2024,36.94
14,5,2024,135.19
15,5,2024,96.41
16,5,2024,55.17
17,5,2024,54.29
18,5,2024,71.86
19,5,2024,228.26
20,5,2024,92.53
21,5,2024,62.26
22,5,2024,55.15
23,5,2024,77.2
24,5,2024,153.24
25,5,2024,58.73
26,5,2024,40.78
27,5,2024,52.47
28,5,2024,56.95
29,5,2024,123.02
30,5,2024,92.78
31,5,2024,72.4
1,6,2024,87.64
2,6,2024,58.35
3,6,2024,191.95
4,6,2024,67.8
5,6,2024,35.32
6,6,2024,80.15
7,6,2024,55.59
8,6,2024,102.97
9,6,2024,82.89
10,6,2024,92.67
11,6,2024,59.32
12,6,2024,100.25
13,6,2024,94.21
14,6,2024,88.92
15,6,2024,62.45
16,6,2024,48.63
17,6,2024,64.98
18,6,2024,72.11
19,6,2024,52.65
20,6,2024,89.94
21,6,2024,76.15
22,6,2024,109.47
23,6,2024,197.14
24,6,2024,99.49
25,6,2024,49.78
26,6,2024,66.89
27,6,2024,88.91
28,6,2024,56.38
29,6,2024,134.0
30,6,2024,130.99
1,7,2024,244.08
2,7,2024,41.45
3,7,2024,58.82
4,7,2024,33.75
5,7,2024,778.95
6,7,2024,307.38
7,7,2024,104.43
8,7,2024,109.45
9,7,2024,85.73
10,7,2024,182.9
11,7,2024,29.57
12,7,2024,109.49
13,7,2024,275.41
14,7,2024,182.93
15,7,2024,99.68
16,7,2024,96.85
17,7,2024,129.38
18,7,2024,376.84
19,7,2024,88.76
20,7,2024,87.09
21,7,2024,190.99
22,7,2024,78.76
23,7,2024,141.71
24,7,2024,79.17
25,7,2024,39.71
26,7,2024,68.12
27,7,2024,78.03
28,7,2024,174.08
29,7,2024,66.23
30,7,2024,73.45
31,7,2024,53.04
1,8,2024,60.98
2,8,2024,97.69
3,8,2024,61.69
4,8,2024,89.47
5,8,2024,150.14
6,8,2024,207.85
7,8,2024,53.33
8,8,2024,18.65
9,8,2024,122.7
10,8,2024,81.78
11,8,2024,223.61
12,8,2024,76.44
13,8,2024,88.36
14,8,2024,120.48
15,8,2024,221.13
16,8,2024,194.96
17,8,2024,142.54
18,8,2024,300.83
19,8,2024,88.54
20,8,2024,54.32
21,8,2024,116.81
22,8,2024,87.14
23,8,2024,69.6
24,8,2024,30.03
25,8,2024,100.22
26,8,2024,63.73
27,8,2024,35.71
28,8,2024,64.09
29,8,2024,92.28
30,8,2024,60.89
31,8,2024,66.18
1,9,2024,137.9
2,9,2024,601.26
3,9,2024,70.88
4,9,2024,92.74
5,9,2024,54.83
6,9,2024,103.01
7,9,2024,57.59
8,9,2024,136.16
9,9,2024,55.57
10,9,2024,117.97
11,9,2024,38.01
12,9,2024,58.47
13,9,2024,92.86
14,9,2024,62.32
15,9,2024,76.57
16,9,2024,59.1
17,9,2024,110.52
18,9,2024,152.08
19,9,2024,126.07
20,9,2024,66.37
21,9,2024,77.27
22,9,2024,56.52
23,9,2024,73.57
24,9,2024,72.44
25,9,2024,103.88
26,9,2024,82.08
27,9,2024,90.48
28,9,2024,53.03
29,9,2024,31.33
30,9,2024,116.24
1,10,2024,58.83
2,10,2024,133.57
3,10,2024,76.65
4,10,2024,74.53
5,10,2024,93.95
6,10,2024,77.36
7,10,2024,48.33
8,10,2024,127.04
9,10,2024,71.55
10,10,2024,96.67
11,10,2024,247.06
12,10,2024,211.55
13,10,2024,154.13
14,10,2024,68.25
15,10,2024,140.41
16,10,2024,79.68
17,10,2024,114.8
18,10,2024,70.12
19,10,2024,89.05
20,10,2024,176.02
21,10,2024,283.8
22,10,2024,116.02
23,10,2024,98.6
24,10,2024,67.34
25,10,2024,83.65
26,10,2024,245.79
27,10,2024,187.75
28,10,2024,75.66
29,10,2024,88.98
30,10,2024,70.46
31,10,2024,107.64
1,11,2024,116.29
2,11,2024,384.15
3,11,2024,298.74
4,11,2024,231.81
5,11,2024,312.49
6,11,2024,142.57
7,11,2024,323.52
8,11,2024,308.41
9,11,2024,125.18
10,11,2024,484.55
11,11,2024,386.33
12,11,2024,225.35
13,11,2024,170.4
14,11,2024,135.73
15,11,2024,268.42
16,11,2024,154.6
17,11,2024,450.74
18,11,2024,463.22
19,11,2024,214.05
20,11,2024,181.81
21,11,2024,219.91
22,11,2024,135.37
23,11,2024,104.89
24,11,2024,311.54
25,11,2024,87.75
26,11,2024,150.15
27,11,2024,132.14
28,11,2024,162.72
29,11,2024,174.81
30,11,2024,123.13
1,12,2024,140.43
2,12,2024,78.68
3,12,2024,92.19
4,12,2024,177.91
5,12,2024,97.39
6,12,2024,390.69
7,12,2024,376.57
8,12,2024,114.97
9,12,2024,233.8
10,12,2024,218.39
11,12,2024,219.72
12,12,2024,125.44
13,12,2024,141.68
14,12,2024,167.31
15,12,2024,244.9
16,12,2024,288.93
17,12,2024,86.94
18,12,2024,251.99
19,12,2024,171.71
20,12,2024,180.8
21,12,2024,180.08
22,12,2024,381.65
23,12,2024,139.02
24,12,2024,252.18
25,12,2024,190.79
26,12,2024,118.16
27,12,2024,104.31
28,12,2024,150.11
29,12,2024,167.91
30,12,2024,138.37
31,12,2024,109.44
1,1,2025,202.92
2,1,2025,188.9
3,1,2025,167.41
4,1,2025,213.62
5,1,2025,571.19
6,1,2025,222.31
7,1,2025,260.94
8,1,2025,212.01
9,1,2025,230.71
10,1,2025,147.76
11,1,2025,403.4
12,1,2025,678.32
13,1,2025,179.6
14,1,2025,185.4
15,1,2025,110.72
16,1,2025,134.68
17,1,2025,173.63
18,1,2025,234.19
19,1,2025,508.27
20,1,2025,193.71
21,1,2025,225.37
22,1,2025,121.77
23,1,2025,176.52
24,1,2025,189.16
25,1,2025,159.12
26,1,2025,178.55
27,1,2025,159.42
28,1,2025,262.69
29,1,2025,342.27
30,1,2025,293.51
31,1,2025,495.78
1,2,2025,256.1
2,2,2025,314.4
3,2,2025,327.16
4,2,2025,393.35
5,2,2025,226.19
6,2,2025,372.45
7,2,2025,332.89
8,2,2025,578.84
9,2,2025,613.98
10,2,2025,290.34
11,2,2025,230.88
12,2,2025,285.28
13,2,2025,236.69
14,2,2025,297.91
15,2,2025,229.66
16,2,2025,294.91
17,2,2025,372.7
18,2,2025,280.36
19,2,2025,341.49
20,2,2025,367.92
21,2,2025,375.62
22,2,2025,203.15
23,2,2025,476.69
24,2,2025,355.9
25,2,2025,232.14
26,2,2025,275.17
27,2,2025,288.54
28,2,2025,345.22
1,3,2025,522.4
2,3,2025,476.54
3,3,2025,429.75
4,3,2025,447.53
5,3,2025,391.3
6,3,2025,726.26
7,3,2025,556.7
8,3,2025,684.13
9,3,2025,714.21
10,3,2025,403.78
11,3,2025,704.03
12,3,2025,433.5
13,3,2025,463.36
14,3,2025,442.46
15,3,2025,494.6
16,3,2025,731.78
17,3,2025,649.53
18,3,2025,614.24
19,3,2025,565.45
20,3,2025,458.66
21,3,2025,390.35
22,3,2025,488.06
23,3,2025,538.36
24,3,2025,498.84
25,3,2025,472.98
26,3,2025,316.49
27,3,2025,313.11
28,3,2025,362.44
29,3,2025,284.53
30,3,2025,612.15
31,3,2025,426.16
1,4,2025,642.48
2,4,2025,445.6
3,4,2025,438.93
4,4,2025,550.44
5,4,2025,975.6
6,4,2025,773.67
7,4,2025,574.97
8,4,2025,565.99
9,4,2025,590.08
10,4,2025,623.53
11,4,2025,833.81
12,4,2025,589.49
13,4,2025,910.15
14,4,2025,495.65
15,4,2025,371.94
16,4,2025,505.79
17,4,2025,508.01
18,4,2025,417.47
19,4,2025,431.85
20,4,2025,526.52
21,4,2025,407.95
22,4,2025,439.04
23,4,2025,337.82
24,4,2025,419.9
25,4,2025,515.91
26,4,2025,473.09
27,4,2025,664.45
28,4,2025,787.79
29,4,2025,575.26
30,4,2025,433.1
1,5,2025,890.82
2,5,2025,592.35
3,5,2025,706.16
4,5,2025,636.65
5,5,2025,346.64
6,5,2025,553.82
7,5,2025,428.17
8,5,2025,567.82
9,5,2025,535.71
10,5,2025,676.42
11,5,2025,777.17
12,5,2025,667.23
13,5,2025,512.95
14,5,2025,776.77
15,5,2025,469.0
16,5,2025,516.56
17,5,2025,581.6
18,5,2025,681.45
19,5,2025,390.58
20,5,2025,408.7
21,5,2025,319.48
22,5,2025,283.69
23,5,2025,328.74
24,5,2025,247.2
25,5,2025,353.81
26,5,2025,293.68
27,5,2025,409.58
28,5,2025,282.29
29,5,2025,340.04
30,5,2025,514.0
31,5,2025,389.5
1,6,2025,902.62
2,6,2025,445.03
3,6,2025,475.75
4,6,2025,420.42
5,6,2025,340.8
6,6,2025,351.94
7,6,2025,367.07
8,6,2025,620.59
9,6,2025,328.87
10,6,2025,273.63
11,6,2025,281.91
12,6,2025,484.65
13,6,2025,270.05
14,6,2025,346.92
15,6,2025,534.57
16,6,2025,340.61
17,6,2025,445.72
18,6,2025,477.28
19,6,2025,315.71
20,6,2025,326.33
21,6,2025,252.25
22,6,2025,463.29
23,6,2025,229.7
24,6,2025,326.19
25,6,2025,342.66
26,6,2025,239.86
27,6,2025,305.07
28,6,2025,385.22
29,6,2025,583.73
30,6,2025,511.44
1,7,2025,444.86
2,7,2025,376.21
3,7,2025,750.31
4,7,2025,631.92
5,7,2025,352.05
6,7,2025,489.75
7,7,2025,406.62
8,7,2025,226.19
9,7,2025,270.45
10,7,2025,539.55
11,7,2025,322.44
12,7,2025,356.31
13,7,2025,347.85
14,7,2025,379.41
15,7,2025,573.74
16,7,2025,468.19
17,7,2025,444.91
18,7,2025,428.28
19,7,2025,405.06
20,7,2025,513.08
21,7,2025,289.39
22,7,2025,220.87
23,7,2025,233.7
24,7,2025,301.78
25,7,2025,227.42
26,7,2025,175.31
27,7,2025,221.77
28,7,2025,282.48
29,7,2025,199.35
30,7,2025,274.14
31,7,2025,378.15
1,8,2025,563.27
2,8,2025,401.51
3,8,2025,660.0
4,8,2025,259.95
5,8,2025,251.56
6,8,2025,229.33
7,8,2025,280.6
8,8,2025,239.92
9,8,2025,190.2
10,8,2025,327.82
11,8,2025,309.88
12,8,2025,275.89
13,8,2025,241.27
14,8,2025,199.49
15,8,2025,323.06
16,8,2025,274.55
17,8,2025,242.09
18,8,2025,336.75
19,8,2025,216.13
20,8,2025,177.74
21,8,2025,158.27
22,8,2025,155.54
23,8,2025,224.66
24,8,2025,483.1
25,8,2025,467.56
26,8,2025,441.53
27,8,2025,269.38
28,8,2025,279.5
29,8,2025,250.15
30,8,2025,458.07
31,8,2025,326.52
1,9,2025,223.11
2,9,2025,488.48
3,9,2025,185.22
4,9,2025,388.69
5,9,2025,601.23
6,9,2025,309.36
7,9,2025,301.49
8,9,2025,319.23
9,9,2025,243.41
10,9,2025,280.99
11,9,2025,311.82
12,9,2025,268.43
13,9,2025,214.76
14,9,2025,629.68
15,9,2025,273.8
16,9,2025,243.91
17,9,2025,400.05
18,9,2025,284.37
19,9,2025,204.23
20,9,2025,187.61
21,9,2025,610.55
22,9,2025,548.21
23,9,2025,248.3
24,9,2025,356.04
25,9,2025,190.78
26,9,2025,409.49
27,9,2025,310.97
28,9,2025,534.23
29,9,2025,282.61
30,9,2025,406.64
1,10,2025,307.12
2,10,2025,438.91
3,10,2025,306.79
4,10,2025,359.09
5,10,2025,547.04
6,10,2025,326.43
7,10,2025,225.8
8,10,2025,354.2
9,10,2025,391.93
10,10,2025,314.78
11,10,2025,230.57
12,10,2025,571.89
13,10,2025,401.18
14,10,2025,444.68
15,10,2025,160.15
16,10,2025,363.38
17,10,2025,551.3
18,10,2025,304.61
19,10,2025,399.42
20,10,2025,338.92
21,10,2025,279.64
22,10,2025,490.22
23,10,2025,226.47
24,10,2025,327.22
25,10,2025,198.82
26,10,2025,483.74
27,10,2025,386.2
28,10,2025,269.14
29,10,2025,260.35
30,10,2025,280.03
31,10,2025,439.77
1,11,2025,495.89
2,11,2025,335.63
3,11,2025,5.39
4,11,2025,285.7
5,11,2025,300.81
6,11,2025,316.74
7,11,2025,337.82
8,11,2025,598.34
9,11,2025,494.36
10,11,2025,473.61
11,11,2025,332.87
12,11,2025,224.47
13,11,2025,475.99
14,11,2025,302.37
15,11,2025,255.94
16,11,2025,403.64
17,11,2025,575.78
18,11,2025,617.41
19,11,2025,226.6
20,11,2025,312.65
21,11,2025,265.43
22,11,2025,182.64
23,11,2025,354.59
24,11,2025,199.1
25,11,2025,323.74
26,11,2025,231.59
27,11,2025,334.67
28,11,2025,323.26
29,11,2025,168.25
30,11,2025,321.03
1,12,2025,257.88
2,12,2025,292.27
3,12,2025,357.52
4,12,2025,520.11
5,12,2025,236.11
6,12,2025,113.63
7,12,2025,354.92
8,12,2025,483.24
9,12,2025,583.98
10,12,2025,336.6
11,12,2025,524.45
12,12,2025,355.26
13,12,2025,629.56
14,12,2025,418.09
15,12,2025,254.98
16,12,2025,258.94
17,12,2025,230.87
18,12,2025,350.41
19,12,2025,313.6
20,12,2025,283.5
21,12,2025,547.81
22,12,2025,238.58
23,12,2025,264.35
24,12,2025,204.03
25,12,2025,181.39
26,12,2025,513.83
27,12,2025,281.48
28,12,2025,462.89
29,12,2025,445.72
30,12,2025,305.8
31,12,2025,307.63
1,1,2026,288.09
2,1,2026,296.92
3,1,2026,314.9
4,1,2026,552.46
5,1,2026,539.83
6,1,2026,251.35
7,1,2026,253.69
8,1,2026,474.73
9,1,2026,231.37
10,1,2026,310.71
11,1,2026,375.53
12,1,2026,281.74
13,1,2026,357.58
14,1,2026,369.14
15,1,2026,409.97
16,1,2026,257.45
17,1,2026,193.48
18,1,2026,349.32
19,1,2026,355.15
20,1,2026,360.3
21,1,2026,541.38
22,1,2026,474.48
23,1,2026,308.57
24,1,2026,410.43
25,1,2026,547.97
26,1,2026,289.49
27,1,2026,402.55
28,1,2026,343.94
29,1,2026,248.94
30,1,2026,211.46
31,1,2026,239.36
1,2,2026,298.23
2,2,2026,196.39
3,2,2026,321.6
4,2,2026,303.36
5,2,2026,291.35
6,2,2026,176.17
7,2,2026,523.6
8,2,2026,486.27
9,2,2026,221.9
10,2,2026,205.87
11,2,2026,251.66
12,2,2026,438.29
13,2,2026,337.34
14,2,2026,361.7
15,2,2026,343.98
16,2,2026,280.85
17,2,2026,278.08
18,2,2026,238.41
19,2,2026,493.8
20,2,2026,473.44
21,2,2026,412.53
22,2,2026,625.08
23,2,2026,695.45
24,2,2026,672.5
25,2,2026,369.27
26,2,2026,319.09
27,2,2026,320.15
28,2,2026,150.05
1,3,2026,380.69
2,3,2026,440.29
3,3,2026,544.62
4,3,2026,230.31
5,3,2026,387.92
6,3,2026,466.69
7,3,2026,392.88
8,3,2026,763.29
9,3,2026,479.74
10,3,2026,288.44
11,3,2026,420.76
12,3,2026,362.89
13,3,2026,450.36
14,3,2026,433.7
15,3,2026,486.49
16,3,2026,243.05
17,3,2026,325.57
18,3,2026,344.83
19,3,2026,373.18
20,3,2026,309.63
21,3,2026,493.16
22,3,2026,537.3
23,3,2026,351.01
24,3,2026,498.0
25,3,2026,275.07
26,3,2026,512.66
27,3,2026,304.6
28,3,2026,272.78
29,3,2026,476.88
30,3,2026,384.0
31,3,2026,385.82
1,4,2026,361.93
2,4,2026,266.07
3,4,2026,398.56
4,4,2026,267.95
5,4,2026,707.56
6,4,2026,255.16
7,4,2026,248.73
8,4,2026,239.05
9,4,2026,297.36
10,4,2026,271.19
11,4,2026,874.04
12,4,2026,355.29
13,4,2026,430.03
